利根サイクル,〒300-1622 茨城県北相馬郡利根町大字布川２５２４－２０,TEL: 0297-68-4665
有限会社テイシマ商会,〒300-1622 茨城県北相馬郡利根町大字布川１８０８－１,TEL: 0297-68-2914
サイクルショップタナカ,〒300-1636 茨城県北相馬郡利根町大字羽根野９００－１３７,TEL: 0297-68-6038
コニシヤ,〒300-1622 茨城県北相馬郡利根町大字布川４５４－２９５,TEL: 0297-68-8871
船橋隆夫,〒306-0405 茨城県猿島郡境町大字塚崎２６７２－１,TEL: 0280-87-7874
高橋輪業店,〒306-0400 茨城県猿島郡境町松岡町２１８２,TEL: 0280-87-0585
小林輪業,〒306-0404 茨城県猿島郡境町大字長井戸１６４３,TEL: 0280-87-0761
有限会社小林輪業商会,〒306-0400 茨城県猿島郡境町新吉町９４５－６５,TEL: 0280-87-0142
秋田輪業社,〒306-0400 茨城県猿島郡境町新吉町９９３,TEL: 0280-87-0345
山本輪業,〒306-0306 茨城県猿島郡五霞町原宿台１丁目１３０１,TEL: 0280-84-0328
